code,system
H331111,readv2
H330111,readv2
H331000,readv2
1O2..00,readv2
663w.00,readv2
H330.12,readv2
173c.00,readv2
H33..00,readv2
H330000,readv2
H334.00,readv2
H33z200,readv2
H330z00,readv2
8H2P.00,readv2
663V000,readv2
H331.11,readv2
663P.00,readv2
H35y700,readv2
H33z111,readv2
663p.00,readv2
H33zz12,readv2
H331z00,readv2
663h.00,readv2
663v.00,readv2
9OJA.11,readv2
663q.00,readv2
H330.00,readv2
663V200,readv2
H33z000,readv2
H330.14,readv2
663W.00,readv2
H331.00,readv2
663u.00,readv2
663V100,readv2
14B4.00,readv2
H47y000,readv2
H331100,readv2
9OJ1.00,readv2
H35y600,readv2
H57yz00,readv2
H350.00,readv2
H352000,readv2
H352100,readv2
H35y500,readv2
H310100,readv2
H356.00,readv2
H432.00,readv2
H35..00,readv2
H35zz00,readv2
H35yz00,readv2
H35z.00,readv2
H35y.00,readv2
H332.00,readv2
663e100,readv2
663e.00,readv2
H311000,readv2
H300.00,readv2
H312000,readv2
H312.00,readv2
H311.00,readv2
H30..11,readv2
H31z.00,readv2
H30z.00,readv2
H31..00,readv2
H311z00,readv2
H310.00,readv2
H31y100,readv2
H460.00,readv2
H310z00,readv2
H460z00,readv2
H313.00,readv2
H30..00,readv2
H312z00,readv2
H310000,readv2
H31yz00,readv2
H33zz13,readv2
H312100,readv2
H312011,readv2
H31y.00,readv2
H311100,readv2
H322.00,readv2
H32y100,readv2
H32z.00,readv2
H321.00,readv2
H32y200,readv2
SK07.00,readv2
H32..00,readv2
H42..00,readv2
Hyu4000,readv2
H42z.00,readv2
66YC.00,readv2
H354.00,readv2
H355.00,readv2
H40..00,readv2
L4930LO,readv2
H34z.00,readv2
H340.00,readv2
H341.00,readv2
H34..00,readv2
1761,readv2
H33..11,readv2
H352.00,readv2
H352z00,readv2
H420.00,readv2
H45..00,readv2
H423.00,readv2
H464200,readv2
H431.00,readv2
H32y000,readv2
H333.00,readv2
H43z.00,readv2
H43..00,readv2
H353.00,readv2
663f.00,readv2
663s.00,readv2
Hyu4300,readv2
H35z100,readv2
Hyu3000,readv2
H32y.00,readv2
H32yz00,readv2
H441.00,readv2
H435.00,readv2
H320.00,readv2
H320000,readv2
H320200,readv2
H320z00,readv2
H582.00,readv2
J98.3,readv2
663N100,readv2
663N.00,readv2
663t.00,readv2
H581.00,readv2
J98.2,readv2
J70.3,readv2
J84.1,readv2
H33z.00,readv2
173A.00,readv2
H33zz11,readv2
H464100,readv2
H464000,readv2
H57y.00,readv2
H41..00,readv2
H41z.00,readv2
H4y1000,readv2
J70.1,readv2
H3z..11,readv2
H4z..00,readv2
J60-J67,readv2
663V300,readv2
H33z011,readv2
H410.00,readv2
J92.0,readv2
663N000,readv2
66YP.00,readv2
663r.00,readv2
H351.00,readv2
H330.13,readv2
H330011,readv2
H434.00,readv2
H440.00,readv2
J96.1,readv2
J40-J47,readv2
J68.4,readv2